{
    "5": 0.5019330924098127,
    "4": 0.4949611367962754,
    "14": 0.4771535732849007,
    "3": 0.47453021273832485,
    "15": 0.4739551133604459,
    "8": 0.4730250882963563,
    "12": 0.4669983618986476,
    "11": 0.46310369403813995,
    "9": 0.45708016911341154,
    "10": 0.4568248076840102,
    "13": 0.45461186996517833,
    "7": 0.4500713951994991,
    "6": 0.4423434342767012
}