{
    "11": 0.4934360362723767,
    "12": 0.49322460928858436,
    "13": 0.49132524715508397,
    "9": 0.4875534669807276,
    "15": 0.48355981606188314,
    "7": 0.47575195299429307,
    "10": 0.47533083976360163,
    "14": 0.4734804761120187,
    "8": 0.461391396210549,
    "3": 0.46123494949783456,
    "4": 0.4583053056222411,
    "5": 0.44842048951155594,
    "6": 0.4429670286819172
}