{
    "13": 0.5393472377309991,
    "14": 0.5378116827213486,
    "11": 0.5364926403556836,
    "6": 0.534251715560191,
    "15": 0.5316926980392693,
    "12": 0.5312030089460411,
    "5": 0.5277691855260713,
    "9": 0.521819367517404,
    "10": 0.5186427268328485,
    "7": 0.5115734814867671,
    "3": 0.5112447763645739,
    "8": 0.5106916467622138,
    "4": 0.4994212683413377
}